time,Q1,Q2,Q3,score,doc_filename,doc_category
292.887,FALSE,TRUE,TRUE,2,httpswww.us-cert.govncastipsST05-017.txt,security
100.997,FALSE,TRUE,TRUE,2,httpswww.us-cert.govncastipsST05-017.txt,security
180.048,TRUE,TRUE,FALSE,2,httpswww.us-cert.govncastipsST05-017.txt,security
128.926,FALSE,TRUE,FALSE,1,httpswww.us-cert.govncastipsST05-017.txt,security
89.285,TRUE,TRUE,TRUE,3,httpswww.us-cert.govncastipsST05-017.txt,security
78.261,FALSE,TRUE,FALSE,1,httpswww.us-cert.govncastipsST05-017.txt,security
49.21,TRUE,TRUE,TRUE,3,AHANotSmoking.txt,health
488.487,TRUE,TRUE,TRUE,3,AHANotSmoking.txt,health
175.121,TRUE,TRUE,TRUE,3,AHANotSmoking.txt,health
182.542,TRUE,TRUE,TRUE,3,AHANotSmoking.txt,health
172.652,TRUE,TRUE,TRUE,3,AHANotSmoking.txt,health
989.736,TRUE,TRUE,TRUE,3,AHANotSmoking.txt,health
108.098,TRUE,TRUE,TRUE,3,AHANotSmoking.txt,health
44.561,TRUE,FALSE,TRUE,2,AHANotSmoking.txt,health
496.016,TRUE,TRUE,TRUE,3,httpswww.sharefile.comsecure-email.txt,security
71.055,TRUE,TRUE,TRUE,3,httpswww.sharefile.comsecure-email.txt,security
159.405,TRUE,TRUE,TRUE,3,httpswww.sharefile.comsecure-email.txt,security
180.697,TRUE,TRUE,TRUE,3,httpswww.sharefile.comsecure-email.txt,security
138.437,TRUE,TRUE,TRUE,3,httpswww.sharefile.comsecure-email.txt,security
97.682,TRUE,TRUE,FALSE,2,httpswww.sharefile.comsecure-email.txt,security
217.179,TRUE,FALSE,TRUE,2,httpcdacollaborative.orgcdaprojectthe-do-no-harm-project.txt,security
260.575,FALSE,FALSE,TRUE,1,httpcdacollaborative.orgcdaprojectthe-do-no-harm-project.txt,security
135.075,TRUE,FALSE,FALSE,1,httpcdacollaborative.orgcdaprojectthe-do-no-harm-project.txt,security
82.557,FALSE,FALSE,TRUE,1,httpcdacollaborative.orgcdaprojectthe-do-no-harm-project.txt,security
104.023,FALSE,FALSE,TRUE,1,httpcdacollaborative.orgcdaprojectthe-do-no-harm-project.txt,security
13.903,FALSE,FALSE,FALSE,0,httpcdacollaborative.orgcdaprojectthe-do-no-harm-project.txt,security
144.578,FALSE,FALSE,TRUE,1,httpsahanafoundation.orgproductseden.txt,security
225.704,FALSE,FALSE,TRUE,1,httpsahanafoundation.orgproductseden.txt,security
25.194,FALSE,FALSE,FALSE,0,httpsahanafoundation.orgproductseden.txt,security
323.291,FALSE,FALSE,TRUE,1,httpsahanafoundation.orgproductseden.txt,security
622.457,FALSE,FALSE,FALSE,0,httpsahanafoundation.orgproductseden.txt,security
228.97,TRUE,TRUE,TRUE,3,httpsblog.checkpoint.comwp-contentuploads201704Dimensional_Enterprise-Mobile-Security-Survey.pdf.txt,security
261.933,FALSE,TRUE,TRUE,2,CDCHeartDiseaseAmIndianAlaska.txt,health
61.192,TRUE,TRUE,TRUE,3,CDCHeartDiseaseAmIndianAlaska.txt,health
112.072,FALSE,TRUE,FALSE,1,CDCHeartDiseaseAmIndianAlaska.txt,health
79.61,FALSE,TRUE,TRUE,2,CDCHeartDiseaseAmIndianAlaska.txt,health
136.777,FALSE,TRUE,TRUE,2,CDCHeartDiseaseAmIndianAlaska.txt,health
208.746,TRUE,TRUE,TRUE,3,CDCHeartDiseaseAmIndianAlaska.txt,health
119.46,TRUE,TRUE,TRUE,3,CDCHepBAtRisk.txt,health
382.388,TRUE,TRUE,TRUE,3,CDCHepBAtRisk.txt,health
40.754,TRUE,TRUE,TRUE,3,CDCHepBAtRisk.txt,health
11.119,FALSE,FALSE,FALSE,0,CDCHepBAtRisk.txt,health
89.448,TRUE,TRUE,TRUE,3,CDCHepBAtRisk.txt,health
335.982,TRUE,TRUE,TRUE,3,CDCHepBAtRisk.txt,health
54.972,TRUE,TRUE,TRUE,3,CDCHepBAtRisk.txt,health
5.758,FALSE,TRUE,FALSE,1,Cdchepcincarcerationfactsheet.txt,health
194.678,TRUE,TRUE,FALSE,2,Cdchepcincarcerationfactsheet.txt,health
354.486,TRUE,TRUE,FALSE,2,Cdchepcincarcerationfactsheet.txt,health
130.922,TRUE,TRUE,TRUE,3,Cdchepcincarcerationfactsheet.txt,health
35.982,TRUE,TRUE,TRUE,3,Cdchepcincarcerationfactsheet.txt,health
653.634,TRUE,TRUE,TRUE,3,Cdchepcincarcerationfactsheet.txt,health
307.41,TRUE,TRUE,TRUE,3,httpsblog.checkpoint.comwp-contentuploads201704Dimensional_Enterprise-Mobile-Security-Survey.pdf.txt,security
8.96,FALSE,FALSE,TRUE,1,httpsblog.checkpoint.comwp-contentuploads201704Dimensional_Enterprise-Mobile-Security-Survey.pdf.txt,security
243.54,TRUE,FALSE,TRUE,2,httpsblog.checkpoint.comwp-contentuploads201704Dimensional_Enterprise-Mobile-Security-Survey.pdf.txt,security
217.109,TRUE,TRUE,FALSE,2,httpsblog.checkpoint.comwp-contentuploads201704Dimensional_Enterprise-Mobile-Security-Survey.pdf.txt,security
454.504,TRUE,TRUE,TRUE,3,httpsblog.checkpoint.comwp-contentuploads201704Dimensional_Enterprise-Mobile-Security-Survey.pdf.txt,security
63.438,TRUE,TRUE,TRUE,3,httpsdeveloper.apple.comlibrarycontentdocumentationSecurityConceptualSecurity_OverviewSeeAlsoSeeAlso.html.txt,security
25.829,TRUE,FALSE,FALSE,1,httpsdeveloper.apple.comlibrarycontentdocumentationSecurityConceptualSecurity_OverviewSeeAlsoSeeAlso.html.txt,security
6.79,TRUE,FALSE,FALSE,1,httpsdeveloper.apple.comlibrarycontentdocumentationSecurityConceptualSecurity_OverviewSeeAlsoSeeAlso.html.txt,security
75.174,TRUE,FALSE,FALSE,1,httpsdeveloper.apple.comlibrarycontentdocumentationSecurityConceptualSecurity_OverviewSeeAlsoSeeAlso.html.txt,security
46.846,TRUE,FALSE,TRUE,2,httpsdeveloper.apple.comlibrarycontentdocumentationSecurityConceptualSecurity_OverviewSeeAlsoSeeAlso.html.txt,security
41.716,TRUE,FALSE,FALSE,1,httpsdeveloper.apple.comlibrarycontentdocumentationSecurityConceptualSecurity_OverviewSeeAlsoSeeAlso.html.txt,security
256.55,FALSE,TRUE,TRUE,2,ConsumerHealthReportsAllergytestsPlainEng.txt,health
211.352,FALSE,TRUE,TRUE,2,ConsumerHealthReportsAllergytestsPlainEng.txt,health
138.014,FALSE,TRUE,TRUE,2,ConsumerHealthReportsAllergytestsPlainEng.txt,health
89.73,FALSE,TRUE,TRUE,2,ConsumerHealthReportsAllergytestsPlainEng.txt,health
72.327,FALSE,TRUE,FALSE,1,ConsumerHealthReportsAllergytestsPlainEng.txt,health
212.978,FALSE,TRUE,TRUE,2,ConsumerHealthReportsAllergytestsPlainEng.txt,health
22.004,FALSE,TRUE,FALSE,1,ConsumerHealthReportsAllergytestsPlainEng.txt,health
90.698,TRUE,TRUE,FALSE,2,mc500.dev.14.txt,stories
136.163,TRUE,TRUE,FALSE,2,mc500.dev.14.txt,stories
6.896,TRUE,FALSE,FALSE,1,mc500.dev.14.txt,stories
120.45,TRUE,TRUE,FALSE,2,mc500.dev.14.txt,stories
170.515,TRUE,TRUE,FALSE,2,mc500.dev.14.txt,stories
101.195,TRUE,TRUE,FALSE,2,mc500.dev.14.txt,stories
76.609,TRUE,TRUE,FALSE,2,mc500.dev.14.txt,stories
119.623,TRUE,TRUE,TRUE,3,mc500.dev.39.txt,stories
129.393,FALSE,TRUE,TRUE,2,mc500.dev.39.txt,stories
174.419,TRUE,TRUE,TRUE,3,mc500.dev.39.txt,stories
42.449,TRUE,TRUE,TRUE,3,mc500.dev.39.txt,stories
48.836,TRUE,TRUE,FALSE,2,mc500.dev.39.txt,stories
92.444,TRUE,TRUE,FALSE,2,mc500.dev.43.txt,stories
86.433,TRUE,TRUE,TRUE,3,mc500.dev.43.txt,stories
176.048,TRUE,TRUE,FALSE,2,mc500.dev.43.txt,stories
71.849,TRUE,TRUE,TRUE,3,mc500.dev.43.txt,stories
61.418,TRUE,TRUE,TRUE,3,mc500.dev.43.txt,stories
85.849,TRUE,TRUE,TRUE,3,mc500.dev.43.txt,stories
64.759,TRUE,FALSE,FALSE,1,mc500.dev.43.txt,stories
76.578,FALSE,FALSE,FALSE,0,mc500.dev.6.txt,stories
9.668,TRUE,FALSE,FALSE,1,mc500.dev.6.txt,stories
108.578,TRUE,FALSE,FALSE,1,mc500.dev.6.txt,stories
170.496,TRUE,FALSE,FALSE,1,mc500.dev.6.txt,stories
4.706,TRUE,FALSE,FALSE,1,mc500.dev.6.txt,stories
8.806,FALSE,FALSE,FALSE,0,mc500.dev.9.txt,stories
63.982,TRUE,TRUE,TRUE,3,mc500.dev.9.txt,stories
73.362,TRUE,TRUE,FALSE,2,mc500.dev.9.txt,stories
93.951,TRUE,TRUE,TRUE,3,mc500.dev.9.txt,stories
68.369,TRUE,TRUE,TRUE,3,mc500.dev.9.txt,stories
107.658,TRUE,FALSE,TRUE,2,httpsdeveloper.apple.comlibrarycontentdocumentationSecurityConceptualSecurity_OverviewSeeAlsoSeeAlso.html.txt,security
40.406,TRUE,FALSE,FALSE,1,httpsholistic-security.tacticaltech.orgexercisesexplorevisual-actor-mapping-part-1.txt,security
220.659,FALSE,TRUE,FALSE,1,httpsholistic-security.tacticaltech.orgexercisesexplorevisual-actor-mapping-part-1.txt,security
76.575,FALSE,TRUE,FALSE,1,httpsholistic-security.tacticaltech.orgexercisesexplorevisual-actor-mapping-part-1.txt,security
115.05,FALSE,FALSE,FALSE,0,httpsholistic-security.tacticaltech.orgexercisesexplorevisual-actor-mapping-part-1.txt,security
3.719,FALSE,FALSE,FALSE,0,httpsholistic-security.tacticaltech.orgexercisesexplorevisual-actor-mapping-part-1.txt,security
17.737,TRUE,FALSE,FALSE,1,httpsholistic-security.tacticaltech.orgexercisesexplorevisual-actor-mapping-part-1.txt,security
61.3,TRUE,FALSE,TRUE,2,httpsavast.en.softonic.com.txt,security
7.343,FALSE,FALSE,FALSE,0,httpsavast.en.softonic.com.txt,security
35.21,FALSE,FALSE,TRUE,1,httpsavast.en.softonic.com.txt,security
117.487,TRUE,FALSE,TRUE,2,httpsavast.en.softonic.com.txt,security
154.556,FALSE,FALSE,TRUE,1,httpsavast.en.softonic.com.txt,security
20.106,TRUE,FALSE,TRUE,2,httpsavast.en.softonic.com.txt,security
105.444,FALSE,FALSE,FALSE,0,httpsnccoe.nist.govprojectsbuilding-blocksmobile-device-security.txt,security
242.058,TRUE,FALSE,FALSE,1,httpsnccoe.nist.govprojectsbuilding-blocksmobile-device-security.txt,security
8.086,FALSE,FALSE,TRUE,1,httpsnccoe.nist.govprojectsbuilding-blocksmobile-device-security.txt,security
5.672,FALSE,FALSE,TRUE,1,httpsnccoe.nist.govprojectsbuilding-blocksmobile-device-security.txt,security
87.078,TRUE,FALSE,TRUE,2,httpsnccoe.nist.govprojectsbuilding-blocksmobile-device-security.txt,security
94.655,FALSE,FALSE,FALSE,0,httpsnccoe.nist.govprojectsbuilding-blocksmobile-device-security.txt,security
105.241,TRUE,TRUE,TRUE,3,httpsonlinehelp.tableau.comcurrentserveren-ussecurity_data.htm.txt,security
228.495,TRUE,FALSE,TRUE,2,httpsonlinehelp.tableau.comcurrentserveren-ussecurity_data.htm.txt,security
76.492,TRUE,TRUE,TRUE,3,httpsonlinehelp.tableau.comcurrentserveren-ussecurity_data.htm.txt,security
118.94,TRUE,TRUE,TRUE,3,httpsonlinehelp.tableau.comcurrentserveren-ussecurity_data.htm.txt,security
101.529,TRUE,TRUE,TRUE,3,httpsonlinehelp.tableau.comcurrentserveren-ussecurity_data.htm.txt,security
23.917,TRUE,FALSE,FALSE,1,httpsonlinehelp.tableau.comcurrentserveren-ussecurity_data.htm.txt,security
105.423,TRUE,FALSE,TRUE,2,httpsonlinehelp.tableau.comcurrentserveren-ussecurity_data.htm.txt,security
219.103,FALSE,TRUE,FALSE,1,httpspectators.blanknoise.org.txt,security
87.271,FALSE,TRUE,FALSE,1,httpspectators.blanknoise.org.txt,security
241.082,FALSE,TRUE,FALSE,1,httpspectators.blanknoise.org.txt,security
174.085,FALSE,TRUE,FALSE,1,httpspectators.blanknoise.org.txt,security
610.533,TRUE,FALSE,TRUE,2,Fast_Facts_12-2015a.txt,health
139.751,FALSE,FALSE,TRUE,1,Fast_Facts_12-2015a.txt,health
177.034,TRUE,TRUE,TRUE,3,Fast_Facts_12-2015a.txt,health
134.104,TRUE,TRUE,TRUE,3,Fast_Facts_12-2015a.txt,health
32.242,TRUE,FALSE,TRUE,2,Fast_Facts_12-2015a.txt,health
199.07,TRUE,FALSE,TRUE,2,Fast_Facts_12-2015a.txt,health
268.914,FALSE,TRUE,TRUE,2,file_189.txt,wiki
48.621,FALSE,FALSE,FALSE,0,file_189.txt,wiki
333.754,FALSE,TRUE,TRUE,2,file_189.txt,wiki
95.07,FALSE,TRUE,FALSE,1,file_189.txt,wiki
121.383,FALSE,TRUE,TRUE,2,file_189.txt,wiki
34.09,FALSE,FALSE,FALSE,0,file_189.txt,wiki
129.84,FALSE,TRUE,FALSE,1,file_189.txt,wiki
128.933,TRUE,TRUE,TRUE,3,file_200.txt,wiki
246.882,TRUE,TRUE,TRUE,3,file_200.txt,wiki
132.969,TRUE,TRUE,TRUE,3,file_200.txt,wiki
99.988,FALSE,FALSE,FALSE,0,file_200.txt,wiki
96.307,TRUE,FALSE,TRUE,2,file_200.txt,wiki
90.595,TRUE,TRUE,TRUE,3,file_200.txt,wiki
162.124,TRUE,TRUE,TRUE,3,file_200.txt,wiki
68.624,FALSE,TRUE,TRUE,2,file_277.txt,wiki
67.486,TRUE,FALSE,FALSE,1,file_277.txt,wiki
148.415,FALSE,TRUE,FALSE,1,file_277.txt,wiki
100.266,TRUE,TRUE,TRUE,3,file_277.txt,wiki
282.76,FALSE,TRUE,FALSE,1,file_277.txt,wiki
41.485,FALSE,TRUE,FALSE,1,file_277.txt,wiki
52.868,FALSE,FALSE,FALSE,0,file_277.txt,wiki
63.343,TRUE,TRUE,TRUE,3,file_277.txt,wiki
65.408,TRUE,TRUE,FALSE,2,file_277.txt,wiki
80.974,TRUE,TRUE,TRUE,3,file_277.txt,wiki
76.159,TRUE,TRUE,TRUE,3,file_277.txt,wiki
114.33,TRUE,TRUE,TRUE,3,file_277.txt,wiki
193.178,FALSE,TRUE,FALSE,1,file_277.txt,wiki
38.953,TRUE,TRUE,TRUE,3,file_277.txt,wiki
32.188,FALSE,TRUE,TRUE,2,file_277.txt,wiki
117.073,TRUE,TRUE,TRUE,3,file_229.txt,wiki
72.411,TRUE,TRUE,TRUE,3,file_229.txt,wiki
61.812,TRUE,TRUE,TRUE,3,file_229.txt,wiki
6.292,FALSE,FALSE,FALSE,0,file_229.txt,wiki
143.469,TRUE,TRUE,TRUE,3,file_229.txt,wiki
288.517,TRUE,TRUE,TRUE,3,file_229.txt,wiki
23.102,TRUE,TRUE,TRUE,3,file_229.txt,wiki
29.324,TRUE,FALSE,FALSE,1,file_265.txt,wiki
118.278,TRUE,TRUE,FALSE,2,file_265.txt,wiki
72.145,TRUE,TRUE,TRUE,3,file_265.txt,wiki
163.902,TRUE,TRUE,FALSE,2,file_265.txt,wiki
113.034,TRUE,TRUE,TRUE,3,file_265.txt,wiki
258.949,TRUE,TRUE,FALSE,2,file_265.txt,wiki
6.33,FALSE,TRUE,FALSE,1,file_283.txt,wiki
14.014,TRUE,FALSE,FALSE,1,file_283.txt,wiki
373.167,TRUE,TRUE,FALSE,2,file_283.txt,wiki
118.149,TRUE,TRUE,FALSE,2,file_283.txt,wiki
2.77,TRUE,FALSE,FALSE,1,file_283.txt,wiki
121.784,FALSE,TRUE,TRUE,2,file_313.txt,wiki
135.473,TRUE,TRUE,TRUE,3,file_313.txt,wiki
130.766,TRUE,TRUE,TRUE,3,file_313.txt,wiki
172.936,TRUE,TRUE,TRUE,3,file_313.txt,wiki
93.726,TRUE,FALSE,TRUE,2,file_313.txt,wiki
29.843,TRUE,FALSE,FALSE,1,file_313.txt,wiki
73.406,TRUE,TRUE,TRUE,3,file_313.txt,wiki
100.54,TRUE,TRUE,TRUE,3,file_338.txt,wiki
59.919,TRUE,TRUE,FALSE,2,file_338.txt,wiki
36.709,TRUE,TRUE,FALSE,2,file_338.txt,wiki
119.075,TRUE,TRUE,FALSE,2,file_338.txt,wiki
123.744,TRUE,TRUE,TRUE,3,file_338.txt,wiki
56.519,TRUE,TRUE,TRUE,3,file_338.txt,wiki
113.082,TRUE,TRUE,FALSE,2,file_338.txt,wiki
505.606,TRUE,FALSE,FALSE,1,file_339.txt,wiki
89.051,FALSE,FALSE,FALSE,0,file_339.txt,wiki
613.263,TRUE,TRUE,FALSE,2,file_339.txt,wiki
149.62,FALSE,FALSE,FALSE,0,file_339.txt,wiki
191.026,TRUE,TRUE,FALSE,2,file_339.txt,wiki
573.366,FALSE,TRUE,TRUE,2,file_340.txt,wiki
201.779,TRUE,TRUE,FALSE,2,file_340.txt,wiki
55.44,TRUE,FALSE,FALSE,1,file_340.txt,wiki
215.075,TRUE,TRUE,TRUE,3,file_340.txt,wiki
129.807,TRUE,TRUE,FALSE,2,file_340.txt,wiki
108.816,FALSE,FALSE,FALSE,0,file_340.txt,wiki
531.638,TRUE,FALSE,TRUE,2,file_357.txt,wiki
23.5,FALSE,FALSE,FALSE,0,file_357.txt,wiki
119.035,TRUE,FALSE,TRUE,2,file_357.txt,wiki
32.597,FALSE,TRUE,FALSE,1,file_357.txt,wiki
100.137,TRUE,FALSE,FALSE,1,file_357.txt,wiki
655.718,TRUE,FALSE,TRUE,2,file_357.txt,wiki
112.737,TRUE,FALSE,TRUE,2,file_357.txt,wiki
375.002,TRUE,TRUE,FALSE,2,file_365.txt,wiki
214.782,TRUE,TRUE,FALSE,2,file_365.txt,wiki
101.232,TRUE,TRUE,FALSE,2,file_365.txt,wiki
75.475,TRUE,TRUE,FALSE,2,file_365.txt,wiki
250.529,TRUE,TRUE,FALSE,2,file_365.txt,wiki
74.729,TRUE,TRUE,FALSE,2,file_365.txt,wiki
44.872,TRUE,TRUE,FALSE,2,file_365.txt,wiki
238,FALSE,TRUE,TRUE,2,file_380.txt,wiki
349.292,TRUE,FALSE,TRUE,2,file_380.txt,wiki
32.1,FALSE,FALSE,FALSE,0,file_380.txt,wiki
14.156,FALSE,FALSE,FALSE,0,file_380.txt,wiki
138.371,TRUE,FALSE,TRUE,2,file_380.txt,wiki
96.124,TRUE,TRUE,FALSE,2,file_380.txt,wiki
143.981,TRUE,TRUE,FALSE,2,file_380.txt,wiki
77.319,TRUE,TRUE,TRUE,3,file_488.txt,wiki
53.992,TRUE,TRUE,TRUE,3,file_488.txt,wiki
83.578,TRUE,TRUE,TRUE,3,file_488.txt,wiki
91.966,TRUE,TRUE,FALSE,2,file_488.txt,wiki
107.542,TRUE,TRUE,TRUE,3,file_488.txt,wiki
115.064,TRUE,FALSE,FALSE,1,file_488.txt,wiki
4.687,FALSE,FALSE,FALSE,0,file_571.txt,wiki
288.935,TRUE,TRUE,TRUE,3,file_571.txt,wiki
25.912,FALSE,FALSE,FALSE,0,file_571.txt,wiki
56.092,TRUE,TRUE,FALSE,2,file_571.txt,wiki
77.553,TRUE,TRUE,FALSE,2,file_571.txt,wiki
115.534,TRUE,TRUE,FALSE,2,file_571.txt,wiki
77.422,TRUE,TRUE,FALSE,2,file_579.txt,wiki
104.055,FALSE,TRUE,TRUE,2,file_579.txt,wiki
365.29,TRUE,TRUE,FALSE,2,file_579.txt,wiki
136.749,TRUE,TRUE,TRUE,3,file_579.txt,wiki
104.224,TRUE,TRUE,TRUE,3,file_579.txt,wiki
41.029,TRUE,TRUE,TRUE,3,file_596.txt,wiki
50.632,TRUE,TRUE,TRUE,3,file_596.txt,wiki
41.383,TRUE,FALSE,TRUE,2,file_596.txt,wiki
86.208,FALSE,TRUE,TRUE,2,file_596.txt,wiki
3.273,FALSE,FALSE,FALSE,0,file_596.txt,wiki
50.388,TRUE,FALSE,FALSE,1,file_602.txt,wiki
580.263,TRUE,FALSE,TRUE,2,file_602.txt,wiki
153.616,TRUE,FALSE,FALSE,1,file_602.txt,wiki
55.441,TRUE,TRUE,TRUE,3,file_602.txt,wiki
137.491,TRUE,TRUE,TRUE,3,file_602.txt,wiki
1043.425,TRUE,TRUE,TRUE,3,file_602.txt,wiki
16.569,TRUE,FALSE,FALSE,1,file_602.txt,wiki
73.151,FALSE,TRUE,TRUE,2,file_609.txt,wiki
66.016,FALSE,TRUE,TRUE,2,file_609.txt,wiki
34.462,TRUE,TRUE,TRUE,3,file_609.txt,wiki
77.244,TRUE,TRUE,TRUE,3,file_609.txt,wiki
46.677,FALSE,TRUE,TRUE,2,file_609.txt,wiki
179.68,FALSE,TRUE,TRUE,2,file_609.txt,wiki
3.366,TRUE,FALSE,FALSE,1,file_609.txt,wiki
392.246,TRUE,TRUE,TRUE,3,file_610.txt,wiki
278.821,TRUE,TRUE,TRUE,3,file_610.txt,wiki
5.638,TRUE,FALSE,FALSE,1,file_610.txt,wiki
924.31,TRUE,TRUE,TRUE,3,file_610.txt,wiki
770.591,TRUE,TRUE,TRUE,3,file_610.txt,wiki
162.891,TRUE,TRUE,FALSE,2,file_610.txt,wiki
384.466,TRUE,TRUE,TRUE,3,file_69.txt,wiki
113.832,TRUE,TRUE,FALSE,2,file_69.txt,wiki
6.585,FALSE,TRUE,FALSE,1,file_69.txt,wiki
7.362,FALSE,FALSE,FALSE,0,file_69.txt,wiki
22.083,FALSE,FALSE,FALSE,0,file_69.txt,wiki
276.138,FALSE,TRUE,FALSE,1,file_69.txt,wiki
47.559,FALSE,TRUE,FALSE,1,file_693.txt,wiki
15.738,FALSE,TRUE,FALSE,1,file_693.txt,wiki
115.456,FALSE,FALSE,FALSE,0,file_693.txt,wiki
51.248,FALSE,TRUE,FALSE,1,file_693.txt,wiki
5.495,FALSE,FALSE,FALSE,0,file_693.txt,wiki
345.008,FALSE,TRUE,TRUE,2,file_693.txt,wiki
172.294,FALSE,TRUE,TRUE,2,file_693.txt,wiki
536.471,FALSE,TRUE,FALSE,1,file_698.txt,wiki
144.233,TRUE,TRUE,TRUE,3,file_698.txt,wiki
177.49,TRUE,FALSE,TRUE,2,file_698.txt,wiki
105.383,TRUE,FALSE,FALSE,1,file_698.txt,wiki
130.669,TRUE,TRUE,TRUE,3,file_698.txt,wiki
286.313,TRUE,TRUE,TRUE,3,file_700.txt,wiki
580.562,TRUE,TRUE,TRUE,3,file_700.txt,wiki
402.701,TRUE,TRUE,TRUE,3,file_700.txt,wiki
111.833,TRUE,TRUE,TRUE,3,file_700.txt,wiki
144.513,FALSE,TRUE,TRUE,2,file_700.txt,wiki
232.974,TRUE,TRUE,TRUE,3,file_741.txt,wiki
366.414,FALSE,TRUE,TRUE,2,file_741.txt,wiki
75.873,TRUE,FALSE,FALSE,1,file_741.txt,wiki
85.862,TRUE,FALSE,FALSE,1,file_741.txt,wiki
54.441,TRUE,FALSE,FALSE,1,file_741.txt,wiki
145.525,FALSE,TRUE,TRUE,2,file_747.txt,wiki
424.797,TRUE,TRUE,TRUE,3,file_747.txt,wiki
275.992,TRUE,TRUE,TRUE,3,file_747.txt,wiki
109.035,FALSE,TRUE,TRUE,2,file_747.txt,wiki
44.659,FALSE,TRUE,FALSE,1,file_747.txt,wiki
61.31,TRUE,TRUE,FALSE,2,file_748.txt,wiki
582.197,TRUE,TRUE,TRUE,3,file_748.txt,wiki
1787.472,TRUE,TRUE,TRUE,3,file_748.txt,wiki
457.423,TRUE,TRUE,TRUE,3,file_748.txt,wiki
1849.473,TRUE,TRUE,TRUE,3,file_748.txt,wiki
248.92,TRUE,TRUE,TRUE,3,file_748.txt,wiki
165.136,FALSE,FALSE,TRUE,1,file_838.txt,wiki
93.325,FALSE,TRUE,TRUE,2,file_838.txt,wiki
180.163,FALSE,FALSE,FALSE,0,file_838.txt,wiki
286.571,FALSE,TRUE,TRUE,2,file_838.txt,wiki
110.649,TRUE,TRUE,TRUE,3,file_838.txt,wiki
412.923,TRUE,TRUE,TRUE,3,file_838.txt,wiki
206.32,FALSE,TRUE,FALSE,1,file_838.txt,wiki
198.87,TRUE,TRUE,TRUE,3,file_838.txt,wiki
310.179,FALSE,TRUE,NA,1,file_870.txt,wiki
203.107,FALSE,TRUE,NA,1,file_870.txt,wiki
18.913,FALSE,FALSE,NA,0,file_870.txt,wiki
300.823,FALSE,TRUE,NA,1,file_870.txt,wiki
121.486,TRUE,TRUE,NA,2,file_870.txt,wiki
209.674,TRUE,TRUE,NA,2,file_870.txt,wiki
1045.513,FALSE,TRUE,NA,1,file_870.txt,wiki
251.743,FALSE,FALSE,TRUE,1,file_886.txt,wiki
297.381,FALSE,TRUE,TRUE,2,file_886.txt,wiki
282.677,TRUE,TRUE,TRUE,3,file_886.txt,wiki
910.224,FALSE,TRUE,TRUE,2,file_886.txt,wiki
13.364,FALSE,FALSE,TRUE,1,file_886.txt,wiki
209.574,FALSE,FALSE,TRUE,1,file_886.txt,wiki
84.964,FALSE,FALSE,TRUE,1,file_902.txt,wiki
187.974,TRUE,TRUE,FALSE,2,file_902.txt,wiki
229.825,FALSE,TRUE,TRUE,2,file_902.txt,wiki
88.609,FALSE,FALSE,TRUE,1,file_902.txt,wiki
77.812,FALSE,TRUE,FALSE,1,file_902.txt,wiki
61.05,FALSE,FALSE,FALSE,0,file_902.txt,wiki
127.757,TRUE,FALSE,TRUE,2,file_953.txt,wiki
110.813,TRUE,TRUE,FALSE,2,file_953.txt,wiki
1125.768,TRUE,TRUE,TRUE,3,file_953.txt,wiki
260.488,TRUE,TRUE,FALSE,2,file_953.txt,wiki
114.549,TRUE,TRUE,TRUE,3,file_953.txt,wiki
459.696,FALSE,FALSE,FALSE,0,file_953.txt,wiki
159.611,TRUE,TRUE,TRUE,3,file_967.txt,wiki
206.949,TRUE,TRUE,TRUE,3,file_967.txt,wiki
255.243,TRUE,TRUE,TRUE,3,file_967.txt,wiki
372.717,TRUE,TRUE,TRUE,3,file_967.txt,wiki
53.269,FALSE,FALSE,FALSE,0,file_967.txt,wiki
57.48,TRUE,TRUE,TRUE,3,file_967.txt,wiki
243.277,TRUE,TRUE,TRUE,3,file_967.txt,wiki
99.936,TRUE,FALSE,FALSE,1,file_98.txt,wiki
5.569,TRUE,FALSE,FALSE,1,file_98.txt,wiki
144.163,TRUE,FALSE,FALSE,1,file_98.txt,wiki
110.83,TRUE,FALSE,FALSE,1,file_98.txt,wiki
125.865,TRUE,FALSE,FALSE,1,file_98.txt,wiki
59.587,TRUE,FALSE,FALSE,1,file_98.txt,wiki
5.096,FALSE,FALSE,FALSE,0,httpspectators.blanknoise.org.txt,security
1125.296,FALSE,TRUE,FALSE,1,httpspectators.blanknoise.org.txt,security
92.03,FALSE,TRUE,FALSE,1,httpspectators.blanknoise.org.txt,security
41.813,TRUE,TRUE,FALSE,2,httpsplay.google.comstoreappsdetailsid=org.thoughtcrime.securesms.txt,security
4.065,TRUE,TRUE,FALSE,2,httpsplay.google.comstoreappsdetailsid=org.thoughtcrime.securesms.txt,security
79.424,TRUE,TRUE,TRUE,3,httpsplay.google.comstoreappsdetailsid=org.thoughtcrime.securesms.txt,security
183.026,TRUE,TRUE,TRUE,3,fs_men_heart.txt ,health
102.314,TRUE,TRUE,TRUE,3,fs_men_heart.txt ,health
239.217,TRUE,TRUE,FALSE,2,fs_men_heart.txt ,health
38.608,TRUE,TRUE,TRUE,3,fs_men_heart.txt ,health
65.709,FALSE,FALSE,FALSE,0,fs_men_heart.txt ,health
20.901,TRUE,TRUE,TRUE,3,fs_men_heart.txt ,health
27.887,FALSE,FALSE,TRUE,1,fs_men_heart.txt ,health
24.55,FALSE,FALSE,FALSE,0,fs_men_heart.txt ,health
51.031,FALSE,TRUE,FALSE,1,Fs_pad.txt,health
110.615,TRUE,TRUE,TRUE,3,Fs_pad.txt,health
197.037,TRUE,FALSE,TRUE,2,Fs_pad.txt,health
77.017,TRUE,TRUE,TRUE,3,Fs_pad.txt,health
1897.753,TRUE,TRUE,TRUE,3,Fs_pad.txt,health
68.614,TRUE,TRUE,TRUE,3,httpsplay.google.comstoreappsdetailsid=org.thoughtcrime.securesms.txt,security
24.642,TRUE,FALSE,FALSE,1,httpsplay.google.comstoreappsdetailsid=org.thoughtcrime.securesms.txt,security
130.308,TRUE,TRUE,TRUE,3,httpsplay.google.comstoreappsdetailsid=org.thoughtcrime.securesms.txt,security
94.612,TRUE,TRUE,TRUE,3,httpsplay.google.comstoreappsdetailsid=org.thoughtcrime.securesms.txt,security
306.134,TRUE,TRUE,FALSE,2,httpssecurityinabox.orgenguidecobianwindows.txt,security
733.86,TRUE,TRUE,TRUE,3,httpssecurityinabox.orgenguidecobianwindows.txt,security
116.565,TRUE,FALSE,TRUE,2,httpssecurityinabox.orgenguidecobianwindows.txt,security
159.061,TRUE,TRUE,TRUE,3,httpssecurityinabox.orgenguidecobianwindows.txt,security
160.607,TRUE,TRUE,TRUE,3,httpssecurityinabox.orgenguideorwebandroid.txt,security
149.527,TRUE,TRUE,TRUE,3,httpssecurityinabox.orgenguideorwebandroid.txt,security
131.895,TRUE,FALSE,FALSE,1,httpssecurityinabox.orgenguideorwebandroid.txt,security
52.927,TRUE,TRUE,FALSE,2,httpssecurityinabox.orgenguideorwebandroid.txt,security
164.911,TRUE,TRUE,TRUE,3,httpssecurityinabox.orgenguideorwebandroid.txt,security
146.665,TRUE,TRUE,TRUE,3,httpssecurityinabox.orgenguideorwebandroid.txt,security
111.157,TRUE,TRUE,TRUE,3,httpsserverguy.comfirewall-security.txt,security
5.353,FALSE,FALSE,FALSE,0,httpsserverguy.comfirewall-security.txt,security
30.685,TRUE,FALSE,TRUE,2,httpsserverguy.comfirewall-security.txt,security
166.083,TRUE,TRUE,TRUE,3,httpsserverguy.comfirewall-security.txt,security
175.782,TRUE,TRUE,TRUE,3,httpsserverguy.comfirewall-security.txt,security
100.366,TRUE,FALSE,TRUE,2,httpsserverguy.comfirewall-security.txt,security
89.574,TRUE,TRUE,TRUE,3,httpsserverguy.comfirewall-security.txt,security
158.568,TRUE,TRUE,TRUE,3,httpsssd.eff.orgenmodulehow-use-pgp-windows.txt,security
91.342,TRUE,TRUE,TRUE,3,httpsssd.eff.orgenmodulehow-use-pgp-windows.txt,security
65.627,TRUE,TRUE,TRUE,3,httpsssd.eff.orgenmodulehow-use-pgp-windows.txt,security
92.806,TRUE,TRUE,TRUE,3,httpsssd.eff.orgenmodulehow-use-pgp-windows.txt,security
48.261,TRUE,TRUE,TRUE,3,httpsssd.eff.orgenmodulehow-use-pgp-windows.txt,security
309.747,TRUE,TRUE,TRUE,3,httpsssd.eff.orgenmodulehow-use-pgp-windows.txt,security
43.536,TRUE,TRUE,TRUE,3,httpsssd.eff.orgenmodulehow-use-pgp-windows.txt,security
100.683,TRUE,TRUE,TRUE,3,httpssupport.apple.comen-usHT204837.txt,security
296.174,TRUE,TRUE,TRUE,3,httpssupport.apple.comen-usHT204837.txt,security
96.165,TRUE,TRUE,TRUE,3,httpssupport.apple.comen-usHT204837.txt,security
283.271,TRUE,TRUE,FALSE,2,MedlinePlusETRAbdominalAdhesions.txt,health
17.621,TRUE,FALSE,FALSE,1,MedlinePlusETRAbdominalAdhesions.txt,health
72.297,TRUE,TRUE,FALSE,2,MedlinePlusETRAbdominalAdhesions.txt,health
39.288,TRUE,TRUE,FALSE,2,MedlinePlusETRAbdominalAdhesions.txt,health
147.23,TRUE,TRUE,TRUE,3,MedlinePlusETRAbdominalAdhesions.txt,health
110.88,TRUE,TRUE,TRUE,3,MedlinePlusETRAbdominalAdhesions.txt,health
311.413,TRUE,TRUE,TRUE,3,MedlinePlusETRAutismSpectrum.txt,health
11.887,FALSE,FALSE,FALSE,0,MedlinePlusETRAutismSpectrum.txt,health
819.84,TRUE,TRUE,FALSE,2,MedlinePlusETRAutismSpectrum.txt,health
116.073,TRUE,TRUE,TRUE,3,MedlinePlusETRAutismSpectrum.txt,health
161.12,TRUE,TRUE,TRUE,3,MedlinePlusETRCeliacDisease.txt,health
220.186,TRUE,FALSE,TRUE,2,MedlinePlusETRCeliacDisease.txt,health
40.987,TRUE,TRUE,TRUE,3,MedlinePlusETRCeliacDisease.txt,health
129.577,TRUE,TRUE,TRUE,3,MedlinePlusETRCeliacDisease.txt,health
171.806,TRUE,TRUE,TRUE,3,MedlinePlusETRCeliacDisease.txt,health
138.24,TRUE,TRUE,TRUE,3,MedlinePlusETRCeliacDisease.txt,health
108.85,TRUE,TRUE,TRUE,3,MedlinePlusETRChemoConstipation.txt,health
64.272,TRUE,TRUE,TRUE,3,MedlinePlusETRChemoConstipation.txt,health
68.837,TRUE,TRUE,TRUE,3,MedlinePlusETRChemoConstipation.txt,health
51.931,TRUE,TRUE,FALSE,2,MedlinePlusETRChemoConstipation.txt,health
93.552,TRUE,TRUE,TRUE,3,MedlinePlusETRChemoConstipation.txt,health
57.181,TRUE,TRUE,TRUE,3,MedlinePlusETRChemoConstipation.txt,health
56.539,TRUE,FALSE,FALSE,1,MedlinePlusETRChemoConstipation.txt,health
164.911,TRUE,TRUE,TRUE,3,MedlinePlusETRChemoFatigue.txt,health
176.654,TRUE,TRUE,TRUE,3,MedlinePlusETRChemoFatigue.txt,health
12.679,FALSE,TRUE,FALSE,1,MedlinePlusETRChemoFatigue.txt,health
39.97,FALSE,TRUE,FALSE,1,MedlinePlusETRChemoFatigue.txt,health
117.284,TRUE,TRUE,TRUE,3,MedlinePlusETRChemoFatigue.txt,health
88.434,TRUE,TRUE,TRUE,3,MedlinePlusETRChemoFatigue.txt,health
196.725,TRUE,TRUE,FALSE,2,MedlinePlusETRDiabetesEyeHealth.txt,health
196.323,TRUE,FALSE,TRUE,2,MedlinePlusETRDiabetesEyeHealth.txt,health
15.331,FALSE,FALSE,FALSE,0,MedlinePlusETRDiabetesEyeHealth.txt,health
248.76,TRUE,TRUE,FALSE,2,MedlinePlusETRDiabetesEyeHealth.txt,health
563.873,TRUE,TRUE,FALSE,2,MedlinePlusETRDiabetesEyeHealth.txt,health
204.871,TRUE,FALSE,FALSE,1,MedlinePlusETRDiabetesEyeHealth.txt,health
126.717,TRUE,TRUE,TRUE,3,MedlinePlusETRDiabetesTakeCareOfFeet.txt,health
109.377,TRUE,TRUE,TRUE,3,MedlinePlusETRDiabetesTakeCareOfFeet.txt,health
85.052,TRUE,TRUE,TRUE,3,MedlinePlusETRDiabetesTakeCareOfFeet.txt,health
19.391,FALSE,TRUE,FALSE,1,MedlinePlusETRDiabetesTakeCareOfFeet.txt,health
42.994,TRUE,TRUE,FALSE,2,MedlinePlusETRDiabetesTakeCareOfFeet.txt,health
30.133,TRUE,TRUE,TRUE,3,MedlinePlusETRDiabetesTakeCareOfFeet.txt,health
121.195,TRUE,TRUE,TRUE,3,MedlinePlusETRFitandFabulous.txt,health
273.595,TRUE,TRUE,TRUE,3,MedlinePlusETRFitandFabulous.txt,health
103.484,FALSE,TRUE,TRUE,2,MedlinePlusETRFitandFabulous.txt,health
479.321,TRUE,TRUE,TRUE,3,MedlinePlusETRFitandFabulous.txt,health
64.321,TRUE,TRUE,TRUE,3,MedlinePlusETRFitandFabulous.txt,health
100.159,TRUE,TRUE,TRUE,3,MedlinePlusETRFitandFabulous.txt,health
26.524,TRUE,FALSE,FALSE,1,MedlinePlusETRFitandFabulous.txt,health
106.545,TRUE,TRUE,TRUE,3,MedlinePlusETRFood Safety Home.txt,health
80.135,TRUE,TRUE,TRUE,3,MedlinePlusETRFood Safety Home.txt,health
307.947,TRUE,TRUE,TRUE,3,MedlinePlusETRFood Safety Home.txt,health
509.046,TRUE,TRUE,TRUE,3,MedlinePlusETRFood Safety Home.txt,health
183.008,TRUE,TRUE,TRUE,3,MedlinePlusETRFood Safety Home.txt,health
277.772,TRUE,TRUE,TRUE,3,MedlinePlusETRFood Safety Home.txt,health
131.91,TRUE,TRUE,FALSE,2,MedlinePlusETRFood Safety Home.txt,health
61.851,TRUE,TRUE,TRUE,3,MedlinePlusETRFoodFactsProduce.txt,health
403.195,TRUE,TRUE,TRUE,3,MedlinePlusETRFoodFactsProduce.txt,health
319.634,TRUE,TRUE,TRUE,3,MedlinePlusETRFoodFactsProduce.txt,health
197.116,TRUE,TRUE,TRUE,3,MedlinePlusETRFoodFactsProduce.txt,health
53.415,TRUE,TRUE,FALSE,2,MedlinePlusETRFoodFactsProduce.txt,health
191.802,TRUE,TRUE,TRUE,3,MedlinePlusETRFoodFactsProduce.txt,health
114.125,TRUE,TRUE,TRUE,3,MedlinePlusETRHealthyMouthBaby.txt,health
328.969,TRUE,TRUE,FALSE,2,MedlinePlusETRHealthyMouthBaby.txt,health
85.898,TRUE,TRUE,TRUE,3,MedlinePlusETRHealthyMouthBaby.txt,health
66.396,TRUE,FALSE,TRUE,2,MedlinePlusETRHealthyMouthBaby.txt,health
278.729,TRUE,TRUE,TRUE,3,MedlinePlusETRHealthyMouthBaby.txt,health
29.409,TRUE,TRUE,FALSE,2,MedlinePlusETRHealthyMouthBaby.txt,health
141.493,TRUE,TRUE,TRUE,3,MedlinePlusETRHealthyMouthBaby.txt,health
9.25,FALSE,FALSE,FALSE,0,MedlinePlusETROCDTrifold.txt,health
48.143,TRUE,TRUE,FALSE,2,MedlinePlusETROCDTrifold.txt,health
240.353,TRUE,TRUE,TRUE,3,MedlinePlusETROCDTrifold.txt,health
121.846,TRUE,TRUE,TRUE,3,MedlinePlusETROCDTrifold.txt,health
4.558,TRUE,FALSE,TRUE,2,MedlinePlusETROCDTrifold.txt,health
6.155,FALSE,FALSE,TRUE,1,MedlinePlusETRPainAlcohol.txt,health
98.035,TRUE,FALSE,TRUE,2,MedlinePlusETRPainAlcohol.txt,health
182.693,FALSE,FALSE,TRUE,1,MedlinePlusETRPainAlcohol.txt,health
52.354,FALSE,FALSE,FALSE,0,MedlinePlusETRPainAlcohol.txt,health
314.398,FALSE,FALSE,TRUE,1,MedlinePlusETRPainAlcohol.txt,health
110.175,FALSE,FALSE,TRUE,1,MedlinePlusETRPainAlcohol.txt,health
130.832,TRUE,TRUE,TRUE,3,MedlinePlusETRPreventingFASD.txt,health
144.743,TRUE,FALSE,FALSE,1,MedlinePlusETRPreventingFASD.txt,health
193.848,TRUE,TRUE,FALSE,2,MedlinePlusETRPreventingFASD.txt,health
83.643,TRUE,TRUE,FALSE,2,MedlinePlusETRPreventingFASD.txt,health
65.331,TRUE,TRUE,TRUE,3,MedlinePlusETRPreventingFASD.txt,health
243.012,TRUE,TRUE,FALSE,2,MedlinePlusETRPreventingFASD.txt,health
270.096,TRUE,TRUE,FALSE,2,MedlinePlusETRPreventingFASD.txt,health
52.695,FALSE,TRUE,TRUE,2,MedlinePlusETRRadiationDiarrhea.txt,health
203.015,FALSE,TRUE,TRUE,2,MedlinePlusETRRadiationDiarrhea.txt,health
89.134,TRUE,TRUE,TRUE,3,MedlinePlusETRRadiationDiarrhea.txt,health
112.212,TRUE,TRUE,TRUE,3,MedlinePlusETRRadiationDiarrhea.txt,health
140.491,FALSE,TRUE,TRUE,2,MedlinePlusETRRadiationDiarrhea.txt,health
212.872,TRUE,TRUE,TRUE,3,MedlinePlusETRRadiationDiarrhea.txt,health
108.761,TRUE,TRUE,TRUE,3,MedlinePlusETRRadiationDiarrhea.txt,health
104.465,TRUE,TRUE,TRUE,3,MedlinePlusETRRadiationWhatItIsHowItHelps.txt,health
139.076,TRUE,TRUE,TRUE,3,MedlinePlusETRRadiationWhatItIsHowItHelps.txt,health
177.697,TRUE,TRUE,TRUE,3,MedlinePlusETRRadiationWhatItIsHowItHelps.txt,health
107.658,TRUE,TRUE,TRUE,3,MedlinePlusETRRadiationWhatItIsHowItHelps.txt,health
52.861,TRUE,TRUE,FALSE,2,MedlinePlusETRRadiationWhatItIsHowItHelps.txt,health
65.768,TRUE,TRUE,TRUE,3,MedlinePlusETRRadiationWhatItIsHowItHelps.txt,health
71.438,TRUE,TRUE,TRUE,3,MedlinePlusETRSuicideAmerica.txt,health
97.394,TRUE,TRUE,TRUE,3,MedlinePlusETRSuicideAmerica.txt,health
202.86,TRUE,TRUE,TRUE,3,MedlinePlusETRSuicideAmerica.txt,health
159.699,TRUE,TRUE,TRUE,3,MedlinePlusETRSuicideAmerica.txt,health
167.449,TRUE,FALSE,TRUE,2,MedlinePlusETRSuicideAmerica.txt,health
146.417,TRUE,TRUE,FALSE,2,MedlinePlusETRSuicideAmerica.txt,health
165.922,TRUE,TRUE,TRUE,3,MedlinePlusETRWalking.txt,health
174.912,TRUE,TRUE,TRUE,3,MedlinePlusETRWalking.txt,health
156.346,TRUE,TRUE,TRUE,3,MedlinePlusETRWalking.txt,health
56.728,FALSE,FALSE,TRUE,1,MedlinePlusETRWalking.txt,health
138.18,FALSE,TRUE,TRUE,2,MedlinePlusETRWalking.txt,health
1.61,TRUE,FALSE,FALSE,1,MedlinePlusETRWalking.txt,health
226.377,TRUE,FALSE,FALSE,1,MedlinePlusETRWomenAlcohol.txt,health
3.829,FALSE,TRUE,FALSE,1,MedlinePlusETRWomenAlcohol.txt,health
73.224,TRUE,TRUE,FALSE,2,MedlinePlusETRWomenAlcohol.txt,health
428.535,TRUE,TRUE,TRUE,3,MedlinePlusETRWomenAlcohol.txt,health
125.154,TRUE,TRUE,TRUE,3,MedlinePlusETRWomenAlcohol.txt,health
188.818,TRUE,TRUE,FALSE,2,MedlinePlusETRWomenAlcohol.txt,health
92.564,FALSE,FALSE,FALSE,0,MedlinePlusETRWomenAlcohol.txt,health
127.761,TRUE,TRUE,TRUE,3,httpssupport.apple.comen-usHT204837.txt,security
360.199,TRUE,TRUE,TRUE,3,httpssupport.apple.comen-usHT204837.txt,security
253.586,TRUE,TRUE,TRUE,3,httpssupport.apple.comen-usHT204837.txt,security
138.05,TRUE,FALSE,TRUE,2,httpsthreatpost.comanother-rce-vulnerability-patched-in-microsoft-malware-protection-engine126536.txt,security
201.888,TRUE,FALSE,TRUE,2,httpsthreatpost.comanother-rce-vulnerability-patched-in-microsoft-malware-protection-engine126536.txt,security
125.88,TRUE,FALSE,TRUE,2,httpsthreatpost.comanother-rce-vulnerability-patched-in-microsoft-malware-protection-engine126536.txt,security
315.021,TRUE,FALSE,TRUE,2,httpsthreatpost.comanother-rce-vulnerability-patched-in-microsoft-malware-protection-engine126536.txt,security
81.461,TRUE,FALSE,TRUE,2,httpsthreatpost.comanother-rce-vulnerability-patched-in-microsoft-malware-protection-engine126536.txt,security
62.8,TRUE,FALSE,TRUE,2,httpsthreatpost.comanother-rce-vulnerability-patched-in-microsoft-malware-protection-engine126536.txt,security
72.65,TRUE,FALSE,TRUE,2,httpsthreatpost.comanother-rce-vulnerability-patched-in-microsoft-malware-protection-engine126536.txt,security
55.114,FALSE,FALSE,FALSE,0,httpswe.riseup.netriseuphelp+envpn-howto.txt ,security
113.282,FALSE,TRUE,FALSE,1,httpswe.riseup.netriseuphelp+envpn-howto.txt ,security
61.888,FALSE,TRUE,FALSE,1,httpswe.riseup.netriseuphelp+envpn-howto.txt ,security
52.111,FALSE,TRUE,FALSE,1,httpswe.riseup.netriseuphelp+envpn-howto.txt ,security
32.948,FALSE,TRUE,FALSE,1,httpswe.riseup.netriseuphelp+envpn-howto.txt ,security
109.502,FALSE,TRUE,FALSE,1,httpswe.riseup.netriseuphelp+envpn-howto.txt ,security
54.735,FALSE,TRUE,FALSE,1,httpswe.riseup.netriseuphelp+envpn-howto.txt ,security
73.99,FALSE,TRUE,TRUE,2,httpswe.riseup.netriseuphelp+envpn-howto.txt ,security
58.37,TRUE,TRUE,TRUE,3,NDEP71_Choose50Ways_4c_508.txt,health
17.196,FALSE,FALSE,TRUE,1,NDEP71_Choose50Ways_4c_508.txt,health
280.698,FALSE,TRUE,TRUE,2,NDEP71_Choose50Ways_4c_508.txt,health
255.012,FALSE,TRUE,TRUE,2,NDEP71_Choose50Ways_4c_508.txt,health
329.145,FALSE,TRUE,TRUE,2,NDEP71_Choose50Ways_4c_508.txt,health
144.737,TRUE,FALSE,TRUE,2,NIDDK_NIHGas.txt,health
235.535,TRUE,FALSE,TRUE,2,NIDDK_NIHGas.txt,health
653.453,TRUE,TRUE,FALSE,2,NIDDK_NIHGas.txt,health
169.376,TRUE,FALSE,TRUE,2,NIDDK_NIHGas.txt,health
293.789,FALSE,FALSE,TRUE,1,NIDDK_NIHGas.txt,health
61.232,FALSE,FALSE,FALSE,0,NIDDK_NIHGas.txt,health
87.201,TRUE,FALSE,FALSE,1,NIDDK_NIHHUS.txt,health
162.152,TRUE,FALSE,TRUE,2,NIDDK_NIHHUS.txt,health
348.17,TRUE,TRUE,TRUE,3,NIDDK_NIHHUS.txt,health
8.413,FALSE,FALSE,FALSE,0,NIDDK_NIHHUS.txt,health
131.159,TRUE,FALSE,TRUE,2,NIDDK_NIHHUS.txt,health
353.964,TRUE,FALSE,FALSE,1,NIDDK_NIHHUS.txt,health
115.012,TRUE,FALSE,FALSE,1,NIDDK_NIHHUS.txt,health
336.655,TRUE,FALSE,TRUE,2,NIDDK_NIHHUS.txt,health
26.398,TRUE,FALSE,TRUE,2,NIDDK_NIHHUS.txt,health
119.525,TRUE,FALSE,TRUE,2,NIDDK_NIHHUS.txt,health
424.008,TRUE,FALSE,TRUE,2,NIDDK_NIHHUS.txt,health
88.575,TRUE,FALSE,FALSE,1,NIDDK_NIHHUS.txt,health
142.977,TRUE,TRUE,TRUE,3,NIDDK_NIHHUS.txt,health
114.048,TRUE,TRUE,FALSE,2,httpswomensrights.informationactivism.orgenbasicsyour-audience.txt,security
269.498,TRUE,TRUE,FALSE,2,httpswomensrights.informationactivism.orgenbasicsyour-audience.txt,security
531.388,TRUE,TRUE,TRUE,3,httpswomensrights.informationactivism.orgenbasicsyour-audience.txt,security
140.67,FALSE,FALSE,TRUE,1,httpswomensrights.informationactivism.orgenbasicsyour-audience.txt,security
242.742,TRUE,TRUE,TRUE,3,httpswomensrights.informationactivism.orgenbasicsyour-audience.txt,security
129.822,TRUE,TRUE,TRUE,3,httpswomensrights.informationactivism.orgenbasicsyour-audience.txt,security
2.931,TRUE,FALSE,FALSE,1,httpswomensrights.informationactivism.orgenbasicsyour-audience.txt,security
67.64,TRUE,FALSE,TRUE,2,httpswww.digitaltrends.commobilegoogle-feed-personalization-update.txt,security
245.853,TRUE,FALSE,TRUE,2,httpswww.digitaltrends.commobilegoogle-feed-personalization-update.txt,security
338.603,TRUE,FALSE,TRUE,2,httpswww.digitaltrends.commobilegoogle-feed-personalization-update.txt,security
218.688,TRUE,FALSE,TRUE,2,httpswww.digitaltrends.commobilegoogle-feed-personalization-update.txt,security
181.395,TRUE,FALSE,TRUE,2,httpswww.digitaltrends.commobilegoogle-feed-personalization-update.txt,security
68.549,TRUE,FALSE,TRUE,2,httpswww.facebook.comhelp211909018842184helpref=related.txt,security
128.076,TRUE,TRUE,TRUE,3,httpswww.facebook.comhelp211909018842184helpref=related.txt,security
111.708,TRUE,TRUE,TRUE,3,httpswww.facebook.comhelp211909018842184helpref=related.txt,security
111.498,TRUE,TRUE,TRUE,3,httpswww.facebook.comhelp211909018842184helpref=related.txt,security
62.505,TRUE,FALSE,FALSE,1,httpswww.facebook.comhelp211909018842184helpref=related.txt,security
109.409,TRUE,TRUE,TRUE,3,httpswww.facebook.comhelp211909018842184helpref=related.txt,security
74.393,TRUE,TRUE,TRUE,3,httpwww.securence.comwhat-is-encrypted-email.txt,security
168.696,TRUE,FALSE,TRUE,2,httpwww.securence.comwhat-is-encrypted-email.txt,security
99.437,TRUE,TRUE,TRUE,3,httpwww.securence.comwhat-is-encrypted-email.txt,security
155.059,TRUE,TRUE,TRUE,3,httpswww.nowsecure.comblog20170202ignore-common-mobile-app-security-risks-peril.txt,security
122.233,TRUE,TRUE,TRUE,3,httpswww.nowsecure.comblog20170202ignore-common-mobile-app-security-risks-peril.txt,security
130.34,TRUE,TRUE,TRUE,3,httpswww.nowsecure.comblog20170202ignore-common-mobile-app-security-risks-peril.txt,security
122.736,TRUE,TRUE,TRUE,3,httpswww.nowsecure.comblog20170202ignore-common-mobile-app-security-risks-peril.txt,security
226.984,TRUE,TRUE,TRUE,3,httpswww.nowsecure.comblog20170202ignore-common-mobile-app-security-risks-peril.txt,security
109.156,FALSE,TRUE,TRUE,2,httpswww.nowsecure.comblog20170202ignore-common-mobile-app-security-risks-peril.txt,security
10.092,FALSE,FALSE,TRUE,1,httpswww.umb.eduitgetting_servicessecurityanti_virus_tools.txt,security
198.388,TRUE,FALSE,FALSE,1,httpswww.umb.eduitgetting_servicessecurityanti_virus_tools.txt,security
150.756,TRUE,FALSE,FALSE,1,httpswww.umb.eduitgetting_servicessecurityanti_virus_tools.txt,security
82.038,TRUE,FALSE,FALSE,1,httpswww.umb.eduitgetting_servicessecurityanti_virus_tools.txt,security
65.224,TRUE,FALSE,FALSE,1,httpswww.umb.eduitgetting_servicessecurityanti_virus_tools.txt,security
135.677,TRUE,FALSE,FALSE,1,httpswww.umb.eduitgetting_servicessecurityanti_virus_tools.txt,security
74.977,TRUE,FALSE,FALSE,1,httpswww.umb.eduitgetting_servicessecurityanti_virus_tools.txt,security
74.279,FALSE,FALSE,FALSE,0,httpswww.us-cert.govprivacynotification.txt,security
125.246,FALSE,TRUE,FALSE,1,httpswww.us-cert.govprivacynotification.txt,security
109.696,FALSE,TRUE,TRUE,2,httpswww.us-cert.govprivacynotification.txt,security
91.406,FALSE,TRUE,TRUE,2,httpswww.us-cert.govprivacynotification.txt,security
123.387,FALSE,TRUE,TRUE,2,httpswww.us-cert.govprivacynotification.txt,security
58.577,FALSE,FALSE,FALSE,0,httpswww.us-cert.govprivacynotification.txt,security
459.3,TRUE,TRUE,FALSE,2,httpwww.ala.orgadvocacylibrary-privacy-guidelines-library-management-systems.txt,security
77.488,FALSE,FALSE,TRUE,1,httpwww.ala.orgadvocacylibrary-privacy-guidelines-library-management-systems.txt,security
196.43,FALSE,FALSE,FALSE,0,CDCHepBPerinatal-ProtectWhenPregnant.txt,health
70.47,TRUE,FALSE,FALSE,1,CDCHepBPerinatal-ProtectWhenPregnant.txt,health
18.09,TRUE,FALSE,FALSE,1,CDCHepBPerinatal-ProtectWhenPregnant.txt,health
74.566,TRUE,TRUE,FALSE,2,CDCHepBPerinatal-ProtectWhenPregnant.txt,health
173.383,TRUE,TRUE,TRUE,3,CDCHepBPerinatal-ProtectWhenPregnant.txt,health
169.153,TRUE,TRUE,FALSE,2,CDCHepBPerinatal-ProtectWhenPregnant.txt,health
185.118,FALSE,TRUE,FALSE,1,MedlinePlusETRRaynaudsPhenomenon.txt,health
146.647,TRUE,TRUE,TRUE,3,MedlinePlusETRRaynaudsPhenomenon.txt,health
268.793,TRUE,TRUE,FALSE,2,MedlinePlusETRRaynaudsPhenomenon.txt,health
65.115,FALSE,FALSE,FALSE,0,MedlinePlusETRRaynaudsPhenomenon.txt,health
38.278,FALSE,FALSE,FALSE,0,MedlinePlusETRRaynaudsPhenomenon.txt,health
71.168,TRUE,TRUE,TRUE,3,MedlinePlusETRRaynaudsPhenomenon.txt,health
253.441,FALSE,TRUE,TRUE,2,httpwww.ala.orgadvocacylibrary-privacy-guidelines-library-management-systems.txt,security
25.288,FALSE,FALSE,FALSE,0,httpwww.ala.orgadvocacylibrary-privacy-guidelines-library-management-systems.txt,security
56.126,FALSE,TRUE,TRUE,2,httpwww.ala.orgadvocacylibrary-privacy-guidelines-library-management-systems.txt,security
127.838,FALSE,TRUE,TRUE,2,httpwww.ala.orgadvocacylibrary-privacy-guidelines-library-management-systems.txt,security
271.896,TRUE,TRUE,TRUE,3,httpswww.umb.eduitgetting_servicessecurityanti_virus_tools.txt,security
93.993,TRUE,TRUE,TRUE,3,httpswww.umb.eduitgetting_servicessecurityanti_virus_tools.txt,security
345.529,TRUE,TRUE,TRUE,3,httpswww.umb.eduitgetting_servicessecurityanti_virus_tools.txt,security
105.085,FALSE,TRUE,FALSE,1,httpswww.umb.eduitgetting_servicessecurityanti_virus_tools.txt,security
236.466,FALSE,TRUE,TRUE,2,httpswww.umb.eduitgetting_servicessecurityanti_virus_tools.txt,security
45.307,TRUE,FALSE,FALSE,1,httpswww.umb.eduitgetting_servicessecurityanti_virus_tools.txt,security
199.963,TRUE,FALSE,TRUE,2,httpwww.fromdev.com201410best-anti-virus-software.html.txt,security
149.942,TRUE,FALSE,TRUE,2,httpwww.fromdev.com201410best-anti-virus-software.html.txt,security
54.089,FALSE,FALSE,FALSE,0,httpwww.fromdev.com201410best-anti-virus-software.html.txt,security
148.212,TRUE,TRUE,TRUE,3,httpwww.fromdev.com201410best-anti-virus-software.html.txt,security
123.901,FALSE,TRUE,FALSE,1,httpwww.fromdev.com201410best-anti-virus-software.html.txt,security
658.887,TRUE,TRUE,TRUE,3,httpwww.huffingtonpost.com20130604facebook-virus_n_3385395.html.txt,security
120.669,TRUE,TRUE,TRUE,3,httpwww.huffingtonpost.com20130604facebook-virus_n_3385395.html.txt,security
120.345,TRUE,TRUE,TRUE,3,httpwww.huffingtonpost.com20130604facebook-virus_n_3385395.html.txt,security
108.23,TRUE,FALSE,TRUE,2,httpwww.huffingtonpost.com20130604facebook-virus_n_3385395.html.txt,security
72.776,TRUE,TRUE,FALSE,2,httpwww.huffingtonpost.com20130604facebook-virus_n_3385395.html.txt,security
44.064,FALSE,FALSE,FALSE,0,httpwww.huffingtonpost.com20130604facebook-virus_n_3385395.html.txt,security
40.178,FALSE,TRUE,TRUE,2,httpwww.huffingtonpost.com20130604facebook-virus_n_3385395.html.txt,security
249.457,TRUE,TRUE,TRUE,3,httpwww.huffingtonpost.com20130604facebook-virus_n_3385395.html.txt,security
142.867,TRUE,TRUE,TRUE,3,httpwww.illit.co.ukblogprotect-privacy-online.txt,security
116.149,TRUE,TRUE,TRUE,3,httpwww.illit.co.ukblogprotect-privacy-online.txt,security
78.614,FALSE,TRUE,TRUE,2,httpwww.illit.co.ukblogprotect-privacy-online.txt,security
113.085,TRUE,TRUE,TRUE,3,httpwww.illit.co.ukblogprotect-privacy-online.txt,security
94.156,TRUE,FALSE,FALSE,1,httpwww.illit.co.ukblogprotect-privacy-online.txt,security
12.336,FALSE,FALSE,TRUE,1,httpwww.illit.co.ukblogprotect-privacy-online.txt,security
281.642,TRUE,TRUE,TRUE,3,NIMHsocial-phobia-social-anxiety-disorder.txt,health
28.735,TRUE,FALSE,FALSE,1,NIMHsocial-phobia-social-anxiety-disorder.txt,health
120.308,TRUE,TRUE,TRUE,3,NIMHsocial-phobia-social-anxiety-disorder.txt,health
161.931,TRUE,TRUE,TRUE,3,NIMHsocial-phobia-social-anxiety-disorder.txt,health
22.378,TRUE,FALSE,TRUE,2,NIMHsocial-phobia-social-anxiety-disorder.txt,health
223.725,TRUE,TRUE,TRUE,3,NIMHsocial-phobia-social-anxiety-disorder.txt,health
5.139,TRUE,FALSE,TRUE,2,NIMHsocial-phobia-social-anxiety-disorder.txt,health
105.305,TRUE,TRUE,TRUE,3,httpwww.illit.co.ukblogprotect-privacy-online.txt,security
377.511,TRUE,TRUE,TRUE,3,httpwww.phonesreview.co.uk20170228cloudpets-hack-compromises-user-data-voice-recordings.txt,security
92.486,TRUE,FALSE,TRUE,2,httpwww.phonesreview.co.uk20170228cloudpets-hack-compromises-user-data-voice-recordings.txt,security
143.282,TRUE,TRUE,TRUE,3,httpwww.phonesreview.co.uk20170228cloudpets-hack-compromises-user-data-voice-recordings.txt,security
75.1,TRUE,TRUE,TRUE,3,httpwww.phonesreview.co.uk20170228cloudpets-hack-compromises-user-data-voice-recordings.txt,security
206.708,TRUE,TRUE,TRUE,3,httpwww.phonesreview.co.uk20170228cloudpets-hack-compromises-user-data-voice-recordings.txt,security
65.019,TRUE,TRUE,TRUE,3,httpwww.phonesreview.co.uk20170228cloudpets-hack-compromises-user-data-voice-recordings.txt,security
84.799,TRUE,TRUE,TRUE,3,mc500.train.10.txt,stories
127.048,TRUE,TRUE,TRUE,3,mc500.train.10.txt,stories
32.49,TRUE,FALSE,FALSE,1,mc500.train.10.txt,stories
77.841,TRUE,TRUE,FALSE,2,mc500.train.10.txt,stories
70.508,TRUE,TRUE,TRUE,3,mc500.train.10.txt,stories
46.512,FALSE,TRUE,FALSE,1,mc500.train.10.txt,stories
4.308,TRUE,FALSE,FALSE,1,mc500.test.108.txt,stories
78.586,TRUE,TRUE,TRUE,3,mc500.test.108.txt,stories
58.927,TRUE,TRUE,FALSE,2,mc500.test.108.txt,stories
83.084,TRUE,TRUE,TRUE,3,mc500.test.108.txt,stories
33.39,TRUE,TRUE,TRUE,3,mc500.test.108.txt,stories
47.491,TRUE,TRUE,TRUE,3,mc500.test.110.txt,stories
68.982,TRUE,TRUE,FALSE,2,mc500.test.110.txt,stories
6.192,FALSE,FALSE,FALSE,0,mc500.test.110.txt,stories
48.411,TRUE,TRUE,TRUE,3,mc500.test.110.txt,stories
39.294,FALSE,FALSE,FALSE,0,mc500.test.110.txt,stories
60.326,FALSE,FALSE,FALSE,0,mc500.test.110.txt,stories
74.029,TRUE,TRUE,TRUE,3,mc500.test.125.txt,stories
85.612,TRUE,TRUE,TRUE,3,mc500.test.125.txt,stories
68.108,TRUE,TRUE,TRUE,3,mc500.test.125.txt,stories
101.954,TRUE,TRUE,TRUE,3,mc500.test.125.txt,stories
133.151,TRUE,TRUE,FALSE,2,mc500.test.147.txt,stories
104.503,TRUE,TRUE,TRUE,3,mc500.test.147.txt,stories
81.614,TRUE,TRUE,FALSE,2,mc500.test.147.txt,stories
129.373,TRUE,TRUE,TRUE,3,mc500.test.147.txt,stories
111.246,TRUE,TRUE,TRUE,3,mc500.test.147.txt,stories
141.934,FALSE,TRUE,FALSE,1,mc500.test.147.txt,stories
158.975,TRUE,TRUE,FALSE,2,mc500.test.147.txt,stories
93.395,TRUE,TRUE,TRUE,3,mc500.test.37.txt,stories
78.969,TRUE,TRUE,TRUE,3,mc500.test.37.txt,stories
124.781,TRUE,TRUE,TRUE,3,mc500.test.37.txt,stories
1012.934,TRUE,TRUE,TRUE,3,mc500.test.37.txt,stories
62.201,TRUE,TRUE,TRUE,3,mc500.test.37.txt,stories
51.778,TRUE,TRUE,TRUE,3,mc500.test.41.txt,stories
95.767,TRUE,TRUE,TRUE,3,mc500.test.41.txt,stories
29.939,TRUE,FALSE,FALSE,1,mc500.test.41.txt,stories
80.393,TRUE,TRUE,TRUE,3,mc500.test.41.txt,stories
63.187,TRUE,TRUE,TRUE,3,mc500.test.41.txt,stories
60.076,TRUE,TRUE,TRUE,3,mc500.test.41.txt,stories
73.008,TRUE,TRUE,TRUE,3,mc500.test.41.txt,stories
43.024,TRUE,TRUE,TRUE,3,mc500.test.6.txt,stories
69.421,TRUE,TRUE,TRUE,3,mc500.test.6.txt,stories
435.64,TRUE,TRUE,TRUE,3,mc500.test.6.txt,stories
47.317,TRUE,TRUE,TRUE,3,mc500.test.6.txt,stories
77.078,TRUE,TRUE,TRUE,3,mc500.test.6.txt,stories
94.553,FALSE,TRUE,TRUE,2,mc500.test.6.txt,stories
286.33,TRUE,TRUE,TRUE,3,mc500.test.6.txt,stories
281.769,FALSE,TRUE,FALSE,1,mc500.test.68.txt,stories
40.717,FALSE,TRUE,TRUE,2,mc500.test.68.txt,stories
1059.962,FALSE,FALSE,FALSE,0,mc500.test.68.txt,stories
67.248,FALSE,TRUE,FALSE,1,mc500.test.68.txt,stories
208.315,FALSE,TRUE,FALSE,1,mc500.test.68.txt,stories
69.727,FALSE,TRUE,FALSE,1,mc500.test.68.txt,stories
77.669,NA,TRUE,FALSE,1,mc500.test.91.txt,stories
69.483,NA,TRUE,FALSE,1,mc500.test.91.txt,stories
83.123,NA,TRUE,FALSE,1,mc500.test.91.txt,stories
58.187,NA,TRUE,FALSE,1,mc500.test.91.txt,stories
57.761,NA,TRUE,FALSE,1,mc500.test.91.txt,stories
487.005,NA,NA,NA,0,mc500.test.98.txt,stories
73.475,TRUE,FALSE,FALSE,1,mc500.test.98.txt,stories
51.278,FALSE,FALSE,FALSE,0,mc500.test.98.txt,stories
15.195,NA,NA,NA,0,mc500.test.98.txt,stories
57.346,TRUE,FALSE,FALSE,1,mc500.test.98.txt,stories
139.504,NA,NA,NA,0,mc500.test.98.txt,stories
43.845,TRUE,FALSE,FALSE,1,mc500.test.98.txt,stories
28.582,NA,NA,NA,0,mc500.test.98.txt,stories
102.027,NA,NA,NA,0,mc500.test.98.txt,stories
44.346,TRUE,FALSE,FALSE,1,mc500.test.98.txt,stories
67.256,TRUE,FALSE,FALSE,1,mc500.test.98.txt,stories
193.817,NA,NA,NA,0,mc500.test.98.txt,stories
35.236,NA,NA,NA,0,mc500.test.98.txt,stories
171.443,FALSE,FALSE,FALSE,0,httpwww.phonesreview.co.uk20170228cloudpets-hack-compromises-user-data-voice-recordings.txt,security
308.964,TRUE,TRUE,TRUE,3,httpwww.securence.comwhat-is-encrypted-email.txt,security
42.233,TRUE,FALSE,TRUE,2,httpwww.securence.comwhat-is-encrypted-email.txt,security
85.655,TRUE,FALSE,TRUE,2,httpwww.securence.comwhat-is-encrypted-email.txt,security
84.942,TRUE,FALSE,TRUE,2,httpwww.securence.comwhat-is-encrypted-email.txt,security
46.798,TRUE,FALSE,TRUE,2,httpwww.securence.comwhat-is-encrypted-email.txt,security
10.943,FALSE,FALSE,FALSE,0,httpwww.securence.comwhat-is-encrypted-email.txt,security
92.898,TRUE,FALSE,FALSE,1,mc500.train.100.txt,stories
90.108,TRUE,TRUE,TRUE,3,mc500.train.100.txt,stories
45.044,TRUE,TRUE,TRUE,3,mc500.train.100.txt,stories
118.083,TRUE,TRUE,TRUE,3,mc500.train.100.txt,stories
49.344,TRUE,FALSE,TRUE,2,mc500.train.100.txt,stories
52.242,TRUE,TRUE,TRUE,3,mc500.train.116.txt,stories
20.44,TRUE,TRUE,TRUE,3,mc500.train.116.txt,stories
60.038,TRUE,TRUE,TRUE,3,mc500.train.116.txt,stories
4.649,TRUE,FALSE,TRUE,2,mc500.train.116.txt,stories
50.375,TRUE,TRUE,TRUE,3,mc500.train.116.txt,stories
23.772,TRUE,FALSE,TRUE,2,mc500.train.116.txt,stories
9.18,TRUE,TRUE,TRUE,3,mc500.train.116.txt,stories
58.305,TRUE,TRUE,TRUE,3,mc500.train.121.txt,stories
4.631,TRUE,FALSE,FALSE,1,mc500.train.121.txt,stories
99.065,TRUE,TRUE,TRUE,3,mc500.train.121.txt,stories
28.506,FALSE,TRUE,FALSE,1,mc500.train.121.txt,stories
152.677,TRUE,TRUE,TRUE,3,mc500.train.121.txt,stories
48.731,TRUE,TRUE,TRUE,3,mc500.train.134.txt,stories
4.574,FALSE,FALSE,TRUE,1,mc500.train.134.txt,stories
132.276,TRUE,TRUE,TRUE,3,mc500.train.134.txt,stories
51.836,TRUE,TRUE,TRUE,3,mc500.train.134.txt,stories
132.674,TRUE,TRUE,FALSE,2,mc500.train.134.txt,stories
64.042,TRUE,TRUE,TRUE,3,mc500.train.134.txt,stories
116.343,TRUE,TRUE,TRUE,3,mc500.train.134.txt,stories
52.785,TRUE,TRUE,TRUE,3,mc500.train.148.txt,stories
43.269,TRUE,TRUE,TRUE,3,mc500.train.148.txt,stories
86.171,TRUE,TRUE,FALSE,2,mc500.train.148.txt,stories
67.37,TRUE,TRUE,FALSE,2,mc500.train.148.txt,stories
31.491,TRUE,TRUE,TRUE,3,mc500.train.148.txt,stories
74.278,TRUE,TRUE,TRUE,3,mc500.train.180.txt,stories
44.852,TRUE,TRUE,TRUE,3,mc500.train.180.txt,stories
89.469,TRUE,TRUE,TRUE,3,mc500.train.180.txt,stories
95.975,TRUE,TRUE,TRUE,3,mc500.train.180.txt,stories
118.448,TRUE,TRUE,TRUE,3,mc500.train.180.txt,stories
217.283,FALSE,FALSE,FALSE,0,mc500.train.180.txt,stories
67.38,TRUE,TRUE,FALSE,2,mc500.train.182.txt,stories
95.384,TRUE,TRUE,FALSE,2,mc500.train.182.txt,stories
50.028,TRUE,TRUE,FALSE,2,mc500.train.182.txt,stories
178.983,TRUE,TRUE,TRUE,3,mc500.train.182.txt,stories
128.186,TRUE,TRUE,FALSE,2,mc500.train.182.txt,stories
29.444,TRUE,TRUE,TRUE,3,mc500.train.182.txt,stories
78.279,TRUE,TRUE,TRUE,3,mc500.train.185.txt,stories
78.072,TRUE,TRUE,TRUE,3,mc500.train.185.txt,stories
45.83,FALSE,TRUE,TRUE,2,mc500.train.185.txt,stories
63.97,FALSE,TRUE,TRUE,2,mc500.train.185.txt,stories
86.167,TRUE,TRUE,TRUE,3,mc500.train.185.txt,stories
63.082,FALSE,FALSE,FALSE,0,mc500.train.203.txt,stories
352.139,NA,NA,NA,0,mc500.train.203.txt,stories
79.501,FALSE,FALSE,FALSE,0,mc500.train.203.txt,stories
49.332,NA,NA,NA,0,mc500.train.203.txt,stories
782.454,FALSE,FALSE,FALSE,0,mc500.train.203.txt,stories
52.813,NA,NA,NA,0,mc500.train.203.txt,stories
44.984,NA,NA,NA,0,mc500.train.203.txt,stories
62.157,FALSE,FALSE,FALSE,0,mc500.train.203.txt,stories
107.67,FALSE,FALSE,FALSE,0,mc500.train.203.txt,stories
91.005,NA,NA,NA,0,mc500.train.203.txt,stories
248.84,NA,NA,NA,0,mc500.train.203.txt,stories
14.603,FALSE,FALSE,FALSE,0,mc500.train.203.txt,stories
44.888,NA,NA,NA,0,mc500.train.203.txt,stories
818.642,TRUE,TRUE,TRUE,3,mc500.train.204.txt,stories
41.459,TRUE,FALSE,FALSE,1,mc500.train.204.txt,stories
132.642,TRUE,TRUE,FALSE,2,mc500.train.204.txt,stories
67.929,TRUE,TRUE,FALSE,2,mc500.train.204.txt,stories
70.292,TRUE,TRUE,TRUE,3,mc500.train.204.txt,stories
59.103,TRUE,TRUE,TRUE,3,mc500.train.226.txt,stories
78.858,TRUE,TRUE,TRUE,3,mc500.train.226.txt,stories
109.669,FALSE,TRUE,TRUE,2,mc500.train.226.txt,stories
101.018,FALSE,TRUE,FALSE,1,mc500.train.226.txt,stories
117.911,TRUE,TRUE,TRUE,3,mc500.train.226.txt,stories
89.997,FALSE,TRUE,TRUE,2,mc500.train.226.txt,stories
61.681,TRUE,TRUE,TRUE,3,mc500.train.230.txt,stories
38.263,TRUE,TRUE,TRUE,3,mc500.train.230.txt,stories
86.777,TRUE,TRUE,TRUE,3,mc500.train.230.txt,stories
121.709,TRUE,TRUE,TRUE,3,mc500.train.230.txt,stories
188.957,TRUE,TRUE,FALSE,2,mc500.train.230.txt,stories
77.508,TRUE,TRUE,TRUE,3,mc500.train.230.txt,stories
73.747,TRUE,TRUE,TRUE,3,mc500.train.230.txt,stories
52.899,NA,NA,NA,0,mc500.train.231.txt,stories
119.036,NA,NA,NA,0,mc500.train.231.txt,stories
45.106,NA,NA,NA,0,mc500.train.231.txt,stories
81.894,TRUE,TRUE,NA,2,mc500.train.264.txt,stories
133.352,TRUE,TRUE,NA,2,mc500.train.264.txt,stories
127.845,TRUE,TRUE,NA,2,mc500.train.264.txt,stories
92.014,TRUE,TRUE,NA,2,mc500.train.264.txt,stories
64.8,TRUE,TRUE,NA,2,mc500.train.264.txt,stories
82.18,TRUE,TRUE,NA,2,mc500.train.264.txt,stories
65.325,TRUE,TRUE,NA,2,mc500.train.264.txt,stories
65.095,TRUE,TRUE,TRUE,3,mc500.train.293.txt,stories
68.258,TRUE,TRUE,TRUE,3,mc500.train.293.txt,stories
49.189,TRUE,TRUE,TRUE,3,mc500.train.293.txt,stories
46.416,TRUE,TRUE,TRUE,3,mc500.train.293.txt,stories
62.533,TRUE,FALSE,TRUE,2,mc500.train.293.txt,stories
273.294,TRUE,TRUE,TRUE,3,mc500.train.293.txt,stories
70.455,TRUE,TRUE,TRUE,3,mc500.train.293.txt,stories
79.619,FALSE,TRUE,TRUE,2,mc500.train.61.txt,stories
77.387,FALSE,TRUE,TRUE,2,mc500.train.61.txt,stories
52.463,FALSE,TRUE,TRUE,2,mc500.train.61.txt,stories
2592.997,FALSE,TRUE,TRUE,2,mc500.train.61.txt,stories
64.09,FALSE,TRUE,TRUE,2,mc500.train.61.txt,stories
39.531,FALSE,TRUE,TRUE,2,mc500.train.61.txt,stories
94.618,FALSE,TRUE,TRUE,2,mc500.train.61.txt,stories
99.236,FALSE,TRUE,FALSE,1,mc500.train.66.txt,stories
89.101,FALSE,TRUE,FALSE,1,mc500.train.66.txt,stories
87.256,FALSE,TRUE,FALSE,1,mc500.train.66.txt,stories
52.448,FALSE,TRUE,FALSE,1,mc500.train.66.txt,stories
27.704,FALSE,TRUE,FALSE,1,mc500.train.66.txt,stories
7.419,FALSE,TRUE,FALSE,1,mc500.train.66.txt,stories
135.636,FALSE,FALSE,TRUE,1,mc500.train.89.txt,stories
408.612,FALSE,FALSE,TRUE,1,mc500.train.89.txt,stories
74.682,FALSE,TRUE,TRUE,2,mc500.train.89.txt,stories
80.175,FALSE,FALSE,TRUE,1,mc500.train.89.txt,stories
46.917,TRUE,FALSE,TRUE,2,mc500.train.89.txt,stories
87.932,TRUE,FALSE,TRUE,2,mc500.train.89.txt,stories
36.968,TRUE,TRUE,TRUE,3,mc500.train.89.txt,stories
101.333,TRUE,TRUE,TRUE,3,mc500.train.93.txt,stories
74.211,TRUE,FALSE,TRUE,2,mc500.train.93.txt,stories
170.175,TRUE,FALSE,TRUE,2,mc500.train.93.txt,stories
35.988,TRUE,FALSE,FALSE,1,mc500.train.93.txt,stories
23.106,TRUE,FALSE,TRUE,2,mc500.train.93.txt,stories
28.504,TRUE,FALSE,FALSE,1,mc500.train.93.txt,stories
277.357,TRUE,FALSE,TRUE,2,ETRLeadPoisoningParents.txt,health
451.446,TRUE,FALSE,TRUE,2,ETRLeadPoisoningParents.txt,health
387.745,TRUE,TRUE,TRUE,3,ETRLeadPoisoningParents.txt,health
285.76,TRUE,FALSE,TRUE,2,ETRLeadPoisoningParents.txt,health
46.769,TRUE,FALSE,TRUE,2,ETRLeadPoisoningParents.txt,health
224.892,TRUE,FALSE,TRUE,2,ETRLeadPoisoningParents.txt,health
87.648,TRUE,TRUE,TRUE,3,httpwww.securence.comwhat-is-encrypted-email.txt,security
2343.485,TRUE,TRUE,FALSE,2,httpzorinos.com.txt,security
95.579,FALSE,FALSE,TRUE,1,httpzorinos.com.txt,security
146.152,TRUE,TRUE,TRUE,3,httpzorinos.com.txt,security
5.39,TRUE,FALSE,TRUE,2,httpzorinos.com.txt,security
98.218,TRUE,TRUE,TRUE,3,httpzorinos.com.txt,security
32.38,TRUE,TRUE,TRUE,3,httpzorinos.com.txt,security
270.611,TRUE,TRUE,FALSE,2,httpzorinos.com.txt,security
56.911,TRUE,TRUE,FALSE,2,httpswww.consumer.ftc.govarticles0042-online-tracking.txt,security
160.883,TRUE,TRUE,FALSE,2,httpswww.consumer.ftc.govarticles0042-online-tracking.txt,security
17.238,TRUE,FALSE,FALSE,1,httpswww.consumer.ftc.govarticles0042-online-tracking.txt,security
869.448,FALSE,TRUE,TRUE,2,httpswww.consumer.ftc.govarticles0042-online-tracking.txt,security
82.622,TRUE,TRUE,TRUE,3,httpswww.consumer.ftc.govarticles0042-online-tracking.txt,security
68.015,TRUE,TRUE,FALSE,2,httpswww.consumer.ftc.govarticles0042-online-tracking.txt,security
186.655,TRUE,TRUE,TRUE,3,httpswww.consumer.ftc.govarticles0042-online-tracking.txt,security
NA,NA,NA,NA,NA,,